<?xml version="1.0" encoding="utf-8" standalone="yes"?>
<rss version="2.0" xmlns:atom="http://www.w3.org/2005/Atom">
  <channel>
    <title>COMPUTATIONAL MATHEMATICS CLUB (KUCMC) on KUCMC</title>
    <link>http://localhost:1313/about/</link>
    <description>Recent content in COMPUTATIONAL MATHEMATICS CLUB (KUCMC) on KUCMC</description>
    <generator>Hugo</generator>
    <language>en-us</language>
    <atom:link href="http://localhost:1313/about/index.xml" rel="self" type="application/rss+xml" />
  </channel>
</rss>
