<?xml version="1.0" encoding="utf-8" standalone="yes"?>
<rss version="2.0" xmlns:atom="http://www.w3.org/2005/Atom">
  <channel>
    <title>Committee on KUCMC</title>
    <link>http://localhost:1313/authors/</link>
    <description>Recent content in Committee on KUCMC</description>
    <generator>Hugo</generator>
    <language>en-us</language>
    <atom:link href="http://localhost:1313/authors/index.xml" rel="self" type="application/rss+xml" />
    <item>
      <title>Avash Shrestha</title>
      <link>http://localhost:1313/authors/avash/</link>
      <pubDate>Mon, 01 Jan 0001 00:00:00 +0000</pubDate>
      <guid>http://localhost:1313/authors/avash/</guid>
      <description>Treasurer</description>
    </item>
    <item>
      <title>Avinash Tiwari</title>
      <link>http://localhost:1313/authors/avinash/</link>
      <pubDate>Mon, 01 Jan 0001 00:00:00 +0000</pubDate>
      <guid>http://localhost:1313/authors/avinash/</guid>
      <description>Vice President</description>
    </item>
    <item>
      <title>Ayam Basyal</title>
      <link>http://localhost:1313/authors/ayam/</link>
      <pubDate>Mon, 01 Jan 0001 00:00:00 +0000</pubDate>
      <guid>http://localhost:1313/authors/ayam/</guid>
      <description>President</description>
    </item>
    <item>
      <title>Hritik Chaudhary</title>
      <link>http://localhost:1313/authors/hritik/</link>
      <pubDate>Mon, 01 Jan 0001 00:00:00 +0000</pubDate>
      <guid>http://localhost:1313/authors/hritik/</guid>
      <description>Club Secretary</description>
    </item>
    <item>
      <title>Pratik Ray</title>
      <link>http://localhost:1313/authors/pratik/</link>
      <pubDate>Mon, 01 Jan 0001 00:00:00 +0000</pubDate>
      <guid>http://localhost:1313/authors/pratik/</guid>
      <description>Executive</description>
    </item>
    <item>
      <title>Pratikshya Bhattarai</title>
      <link>http://localhost:1313/authors/pratikshya/</link>
      <pubDate>Mon, 01 Jan 0001 00:00:00 +0000</pubDate>
      <guid>http://localhost:1313/authors/pratikshya/</guid>
      <description>Executive</description>
    </item>
    <item>
      <title>Priti Tamang</title>
      <link>http://localhost:1313/authors/priti/</link>
      <pubDate>Mon, 01 Jan 0001 00:00:00 +0000</pubDate>
      <guid>http://localhost:1313/authors/priti/</guid>
      <description>Executive</description>
    </item>
    <item>
      <title>Priya Jaiswal</title>
      <link>http://localhost:1313/authors/priya/</link>
      <pubDate>Mon, 01 Jan 0001 00:00:00 +0000</pubDate>
      <guid>http://localhost:1313/authors/priya/</guid>
      <description>Executive</description>
    </item>
    <item>
      <title>Ruby Shrestha</title>
      <link>http://localhost:1313/authors/ruby/</link>
      <pubDate>Mon, 01 Jan 0001 00:00:00 +0000</pubDate>
      <guid>http://localhost:1313/authors/ruby/</guid>
      <description>General Secretary</description>
    </item>
    <item>
      <title>Sandesh Sapkota</title>
      <link>http://localhost:1313/authors/sandesh/</link>
      <pubDate>Mon, 01 Jan 0001 00:00:00 +0000</pubDate>
      <guid>http://localhost:1313/authors/sandesh/</guid>
      <description>Assistant Treasurer</description>
    </item>
    <item>
      <title>Sashuv Kafle</title>
      <link>http://localhost:1313/authors/sashuv/</link>
      <pubDate>Mon, 01 Jan 0001 00:00:00 +0000</pubDate>
      <guid>http://localhost:1313/authors/sashuv/</guid>
      <description>Technical Lead</description>
    </item>
    <item>
      <title>Shambhav Rayamajhi</title>
      <link>http://localhost:1313/authors/shambhav/</link>
      <pubDate>Mon, 01 Jan 0001 00:00:00 +0000</pubDate>
      <guid>http://localhost:1313/authors/shambhav/</guid>
      <description>Executive</description>
    </item>
    <item>
      <title>Supriya Baniya</title>
      <link>http://localhost:1313/authors/supriya/</link>
      <pubDate>Mon, 01 Jan 0001 00:00:00 +0000</pubDate>
      <guid>http://localhost:1313/authors/supriya/</guid>
      <description>Executive</description>
    </item>
  </channel>
</rss>
