<?xml version="1.0" encoding="utf-8" standalone="yes"?>
<rss version="2.0" xmlns:atom="http://www.w3.org/2005/Atom">
  <channel>
    <title>KUCMC</title>
    <link>http://localhost:1313/</link>
    <description>Recent content on KUCMC</description>
    <generator>Hugo</generator>
    <language>en-us</language>
    <lastBuildDate>Thu, 06 Jun 2024 05:00:00 +0000</lastBuildDate>
    <atom:link href="http://localhost:1313/index.xml" rel="self" type="application/rss+xml" />
    <item>
      <title>Talk Show on Machine Learning for Science and Engineering Applications</title>
      <link>http://localhost:1313/blog/post-5/</link>
      <pubDate>Thu, 06 Jun 2024 05:00:00 +0000</pubDate>
      <guid>http://localhost:1313/blog/post-5/</guid>
      <description>Event Announcement: Machine Learning for Science and Engineering Applications&#xA;Join us for an insightful talk featuring Dr.</description>
    </item>
    <item>
      <title>HamroNiwas Entrepreneurship 101 Workshop</title>
      <link>http://localhost:1313/blog/post-4/</link>
      <pubDate>Thu, 04 Apr 2024 05:00:00 +0000</pubDate>
      <guid>http://localhost:1313/blog/post-4/</guid>
      <description>Are you a Kathmandu University student eager to dive into the world of entrepreneurship?</description>
    </item>
    <item>
      <title>Avash Shrestha</title>
      <link>http://localhost:1313/authors/5-avash/</link>
      <pubDate>Mon, 01 Jan 0001 00:00:00 +0000</pubDate>
      <guid>http://localhost:1313/authors/5-avash/</guid>
      <description>Treasurer</description>
    </item>
    <item>
      <title>Avinash Tiwari</title>
      <link>http://localhost:1313/authors/2-avinash/</link>
      <pubDate>Mon, 01 Jan 0001 00:00:00 +0000</pubDate>
      <guid>http://localhost:1313/authors/2-avinash/</guid>
      <description>Vice President</description>
    </item>
    <item>
      <title>Ayam Basyal</title>
      <link>http://localhost:1313/authors/1-ayam/</link>
      <pubDate>Mon, 01 Jan 0001 00:00:00 +0000</pubDate>
      <guid>http://localhost:1313/authors/1-ayam/</guid>
      <description>President</description>
    </item>
    <item>
      <title>Elements</title>
      <link>http://localhost:1313/elements/</link>
      <pubDate>Mon, 01 Jan 0001 00:00:00 +0000</pubDate>
      <guid>http://localhost:1313/elements/</guid>
      <description>Table of Contents Heading 2 Heading 3 Heading 4 Heading 5 Emphasis Button Link Paragraph Ordered List Unordered List Notice Tab Accordions Code and Syntax Highlighting Blockquote Tables Image Gallery Slider Youtube video Custom video Here is an example of headings.</description>
    </item>
    <item>
      <title>Hritik Chaudhary</title>
      <link>http://localhost:1313/authors/4-hritik/</link>
      <pubDate>Mon, 01 Jan 0001 00:00:00 +0000</pubDate>
      <guid>http://localhost:1313/authors/4-hritik/</guid>
      <description>Club Secretary</description>
    </item>
    <item>
      <title>Perspectives on Computational Mathematics Club</title>
      <link></link>
      <pubDate>Mon, 01 Jan 0001 00:00:00 +0000</pubDate>
      <guid></guid>
      <description></description>
    </item>
    <item>
      <title>Pratik Ray</title>
      <link>http://localhost:1313/authors/pratik/</link>
      <pubDate>Mon, 01 Jan 0001 00:00:00 +0000</pubDate>
      <guid>http://localhost:1313/authors/pratik/</guid>
      <description>Executive</description>
    </item>
    <item>
      <title>Pratikshya Bhattarai</title>
      <link>http://localhost:1313/authors/11-pratikshya/</link>
      <pubDate>Mon, 01 Jan 0001 00:00:00 +0000</pubDate>
      <guid>http://localhost:1313/authors/11-pratikshya/</guid>
      <description>Executive</description>
    </item>
    <item>
      <title>Priti Tamang</title>
      <link>http://localhost:1313/authors/12-priti/</link>
      <pubDate>Mon, 01 Jan 0001 00:00:00 +0000</pubDate>
      <guid>http://localhost:1313/authors/12-priti/</guid>
      <description>Executive</description>
    </item>
    <item>
      <title>Privacy</title>
      <link>http://localhost:1313/privacy-policy/</link>
      <pubDate>Mon, 01 Jan 0001 00:00:00 +0000</pubDate>
      <guid>http://localhost:1313/privacy-policy/</guid>
      <description>Responsibility of Contributors Lorem ipsum dolor sit amet, consectetur adipiscing elit.</description>
    </item>
    <item>
      <title>Priya Jaiswal</title>
      <link>http://localhost:1313/authors/10-priya/</link>
      <pubDate>Mon, 01 Jan 0001 00:00:00 +0000</pubDate>
      <guid>http://localhost:1313/authors/10-priya/</guid>
      <description>Executive</description>
    </item>
    <item>
      <title>Ready to build your next project with Hugo?</title>
      <link></link>
      <pubDate>Mon, 01 Jan 0001 00:00:00 +0000</pubDate>
      <guid></guid>
      <description></description>
    </item>
    <item>
      <title>Ruby Shrestha</title>
      <link>http://localhost:1313/authors/3-ruby/</link>
      <pubDate>Mon, 01 Jan 0001 00:00:00 +0000</pubDate>
      <guid>http://localhost:1313/authors/3-ruby/</guid>
      <description>General Secretary</description>
    </item>
    <item>
      <title>Sandesh Sapkota</title>
      <link>http://localhost:1313/authors/6-sandesh/</link>
      <pubDate>Mon, 01 Jan 0001 00:00:00 +0000</pubDate>
      <guid>http://localhost:1313/authors/6-sandesh/</guid>
      <description>Assistant Treasurer</description>
    </item>
    <item>
      <title>Sashuv Kafle</title>
      <link>http://localhost:1313/authors/7-sashuv/</link>
      <pubDate>Mon, 01 Jan 0001 00:00:00 +0000</pubDate>
      <guid>http://localhost:1313/authors/7-sashuv/</guid>
      <description>Technical Lead</description>
    </item>
    <item>
      <title>Shambhav Rayamajhi</title>
      <link>http://localhost:1313/authors/9-shambhav/</link>
      <pubDate>Mon, 01 Jan 0001 00:00:00 +0000</pubDate>
      <guid>http://localhost:1313/authors/9-shambhav/</guid>
      <description>Executive</description>
    </item>
    <item>
      <title>Supriya Baniya</title>
      <link>http://localhost:1313/authors/8-supriya/</link>
      <pubDate>Mon, 01 Jan 0001 00:00:00 +0000</pubDate>
      <guid>http://localhost:1313/authors/8-supriya/</guid>
      <description>Executive</description>
    </item>
  </channel>
</rss>
