<?xml version="1.0" encoding="utf-8" standalone="yes"?>
<rss version="2.0" xmlns:atom="http://www.w3.org/2005/Atom">
  <channel>
    <title>SportsCup on KUCMC</title>
    <link>http://localhost:1313/categories/sportscup/</link>
    <description>Recent content in SportsCup on KUCMC</description>
    <generator>Hugo</generator>
    <language>en-us</language>
    <lastBuildDate>Wed, 14 Feb 2024 05:00:00 +0000</lastBuildDate>
    <atom:link href="http://localhost:1313/categories/sportscup/index.xml" rel="self" type="application/rss+xml" />
    <item>
      <title>Sports Week 2024 KUCMC</title>
      <link>http://localhost:1313/blog/post-1/</link>
      <pubDate>Wed, 14 Feb 2024 05:00:00 +0000</pubDate>
      <guid>http://localhost:1313/blog/post-1/</guid>
      <description>Nemo vel ad consectetur namut rutrum ex, venenatis sollicitudin urna. Aliquam erat volutpat.</description>
    </item>
  </channel>
</rss>
