<?xml version="1.0" encoding="utf-8" standalone="yes"?>
<rss version="2.0" xmlns:atom="http://www.w3.org/2005/Atom">
  <channel>
    <title>Pages on KUCMC</title>
    <link>http://localhost:1313/pages/</link>
    <description>Recent content in Pages on KUCMC</description>
    <generator>Hugo</generator>
    <language>en-us</language>
    <atom:link href="http://localhost:1313/pages/index.xml" rel="self" type="application/rss+xml" />
    <item>
      <title>Elements</title>
      <link>http://localhost:1313/elements/</link>
      <pubDate>Mon, 01 Jan 0001 00:00:00 +0000</pubDate>
      <guid>http://localhost:1313/elements/</guid>
      <description>Table of Contents Heading 2 Heading 3 Heading 4 Heading 5 Emphasis Button Link Paragraph Ordered List Unordered List Notice Tab Accordions Code and Syntax Highlighting Blockquote Tables Image Gallery Slider Youtube video Custom video Here is an example of headings.</description>
    </item>
    <item>
      <title>Privacy</title>
      <link>http://localhost:1313/privacy-policy/</link>
      <pubDate>Mon, 01 Jan 0001 00:00:00 +0000</pubDate>
      <guid>http://localhost:1313/privacy-policy/</guid>
      <description>Responsibility of Contributors Lorem ipsum dolor sit amet, consectetur adipiscing elit.</description>
    </item>
  </channel>
</rss>
