<?xml version="1.0" encoding="utf-8" standalone="yes"?>
<rss version="2.0" xmlns:atom="http://www.w3.org/2005/Atom">
  <channel>
    <title>Quantum Computing on KUCMC</title>
    <link>http://localhost:1313/tags/quantum-computing/</link>
    <description>Recent content in Quantum Computing on KUCMC</description>
    <generator>Hugo</generator>
    <language>en-us</language>
    <lastBuildDate>Mon, 04 Mar 2024 05:00:00 +0000</lastBuildDate>
    <atom:link href="http://localhost:1313/tags/quantum-computing/index.xml" rel="self" type="application/rss+xml" />
    <item>
      <title>Workshop on Quantum Computing and Post Quantum Cryptography</title>
      <link>http://localhost:1313/blog/post-2/</link>
      <pubDate>Mon, 04 Mar 2024 05:00:00 +0000</pubDate>
      <guid>http://localhost:1313/blog/post-2/</guid>
      <description>Join us in this workshop as we delve into groundbreaking research and explore emerging trends that are shaping the future of Quantum Computing and Post Quantum Cryptography.</description>
    </item>
  </channel>
</rss>
