<?xml version="1.0" encoding="utf-8" standalone="yes"?>
<rss version="2.0" xmlns:atom="http://www.w3.org/2005/Atom">
  <channel>
    <title>Scientific Computing on KUCMC</title>
    <link>http://localhost:1313/tags/scientific-computing/</link>
    <description>Recent content in Scientific Computing on KUCMC</description>
    <generator>Hugo</generator>
    <language>en-us</language>
    <lastBuildDate>Wed, 19 Jun 2024 05:00:00 +0000</lastBuildDate>
    <atom:link href="http://localhost:1313/tags/scientific-computing/index.xml" rel="self" type="application/rss+xml" />
    <item>
      <title>Difficulties of Mathematical Knowledge to Implement Inside Computer &amp; Vice Versa</title>
      <link>http://localhost:1313/blog/post-6/</link>
      <pubDate>Wed, 19 Jun 2024 05:00:00 +0000</pubDate>
      <guid>http://localhost:1313/blog/post-6/</guid>
      <description>Event Announcement: Difficulties of Mathematical Knowledge to Implement Inside Computer &amp;amp; Vice Versa</description>
    </item>
  </channel>
</rss>
