<?xml version="1.0" encoding="utf-8" standalone="yes"?>
<rss version="2.0" xmlns:atom="http://www.w3.org/2005/Atom">
  <channel>
    <title>Tags on KUCMC</title>
    <link>http://localhost:1313/tags/</link>
    <description>Recent content in Tags on KUCMC</description>
    <generator>Hugo</generator>
    <language>en-us</language>
    <lastBuildDate>Thu, 06 Jun 2024 05:00:00 +0000</lastBuildDate>
    <atom:link href="http://localhost:1313/tags/index.xml" rel="self" type="application/rss+xml" />
    <item>
      <title>AI</title>
      <link>http://localhost:1313/tags/ai/</link>
      <pubDate>Mon, 01 Jan 0001 00:00:00 +0000</pubDate>
      <guid>http://localhost:1313/tags/ai/</guid>
      <description></description>
    </item>
    <item>
      <title>MachineLearning</title>
      <link>http://localhost:1313/tags/machinelearning/</link>
      <pubDate>Mon, 01 Jan 0001 00:00:00 +0000</pubDate>
      <guid>http://localhost:1313/tags/machinelearning/</guid>
      <description></description>
    </item>
    <item>
      <title>Upcoming</title>
      <link>http://localhost:1313/tags/upcoming/</link>
      <pubDate>Mon, 01 Jan 0001 00:00:00 +0000</pubDate>
      <guid>http://localhost:1313/tags/upcoming/</guid>
      <description></description>
    </item>
    <item>
      <title>Entrepreneurship</title>
      <link>http://localhost:1313/tags/entrepreneurship/</link>
      <pubDate>Mon, 01 Jan 0001 00:00:00 +0000</pubDate>
      <guid>http://localhost:1313/tags/entrepreneurship/</guid>
      <description></description>
    </item>
    <item>
      <title>HamroNiwas</title>
      <link>http://localhost:1313/tags/hamroniwas/</link>
      <pubDate>Mon, 01 Jan 0001 00:00:00 +0000</pubDate>
      <guid>http://localhost:1313/tags/hamroniwas/</guid>
      <description></description>
    </item>
    <item>
      <title>Cryptography</title>
      <link>http://localhost:1313/tags/cryptography/</link>
      <pubDate>Mon, 01 Jan 0001 00:00:00 +0000</pubDate>
      <guid>http://localhost:1313/tags/cryptography/</guid>
      <description></description>
    </item>
    <item>
      <title>Quantum Computing</title>
      <link>http://localhost:1313/tags/quantum-computing/</link>
      <pubDate>Mon, 01 Jan 0001 00:00:00 +0000</pubDate>
      <guid>http://localhost:1313/tags/quantum-computing/</guid>
      <description></description>
    </item>
    <item>
      <title>KUMC</title>
      <link>http://localhost:1313/tags/kumc/</link>
      <pubDate>Mon, 01 Jan 0001 00:00:00 +0000</pubDate>
      <guid>http://localhost:1313/tags/kumc/</guid>
      <description></description>
    </item>
    <item>
      <title>SportsCup 2024</title>
      <link>http://localhost:1313/tags/sportscup-2024/</link>
      <pubDate>Mon, 01 Jan 0001 00:00:00 +0000</pubDate>
      <guid>http://localhost:1313/tags/sportscup-2024/</guid>
      <description></description>
    </item>
  </channel>
</rss>
