<?xml version="1.0" encoding="utf-8" standalone="yes"?>
<rss version="2.0" xmlns:atom="http://www.w3.org/2005/Atom">
  <channel>
    <title>Education on KUCMC</title>
    <link>http://localhost:1313/categories/education/</link>
    <description>Recent content in Education on KUCMC</description>
    <generator>Hugo</generator>
    <language>en-us</language>
    <lastBuildDate>Thu, 04 Apr 2024 05:00:00 +0000</lastBuildDate>
    <atom:link href="http://localhost:1313/categories/education/index.xml" rel="self" type="application/rss+xml" />
    <item>
      <title>HamroNiwas Entrepreneurship 101 Workshop</title>
      <link>http://localhost:1313/blog/post-4/</link>
      <pubDate>Thu, 04 Apr 2024 05:00:00 +0000</pubDate>
      <guid>http://localhost:1313/blog/post-4/</guid>
      <description>Are you a Kathmandu University student eager to dive into the world of entrepreneurship?</description>
    </item>
  </channel>
</rss>
