<?xml version="1.0" encoding="utf-8" standalone="yes"?>
<rss version="2.0" xmlns:atom="http://www.w3.org/2005/Atom">
  <channel>
    <title>Categories on KUCMC</title>
    <link>http://localhost:1313/categories/</link>
    <description>Recent content in Categories on KUCMC</description>
    <generator>Hugo</generator>
    <language>en-us</language>
    <lastBuildDate>Wed, 19 Jun 2024 05:00:00 +0000</lastBuildDate>
    <atom:link href="http://localhost:1313/categories/index.xml" rel="self" type="application/rss+xml" />
    <item>
      <title>Mathematics</title>
      <link>http://localhost:1313/categories/mathematics/</link>
      <pubDate>Mon, 01 Jan 0001 00:00:00 +0000</pubDate>
      <guid>http://localhost:1313/categories/mathematics/</guid>
      <description></description>
    </item>
    <item>
      <title>Scientific Computing</title>
      <link>http://localhost:1313/categories/scientific-computing/</link>
      <pubDate>Mon, 01 Jan 0001 00:00:00 +0000</pubDate>
      <guid>http://localhost:1313/categories/scientific-computing/</guid>
      <description></description>
    </item>
    <item>
      <title>Talk Show</title>
      <link>http://localhost:1313/categories/talk-show/</link>
      <pubDate>Mon, 01 Jan 0001 00:00:00 +0000</pubDate>
      <guid>http://localhost:1313/categories/talk-show/</guid>
      <description></description>
    </item>
    <item>
      <title>Machine Learning</title>
      <link>http://localhost:1313/categories/machine-learning/</link>
      <pubDate>Mon, 01 Jan 0001 00:00:00 +0000</pubDate>
      <guid>http://localhost:1313/categories/machine-learning/</guid>
      <description></description>
    </item>
    <item>
      <title>Education</title>
      <link>http://localhost:1313/categories/education/</link>
      <pubDate>Mon, 01 Jan 0001 00:00:00 +0000</pubDate>
      <guid>http://localhost:1313/categories/education/</guid>
      <description></description>
    </item>
  </channel>
</rss>
