<?xml version="1.0" encoding="utf-8" standalone="yes"?>
<rss version="2.0" xmlns:atom="http://www.w3.org/2005/Atom">
  <channel>
    <title>Machine Learning on KUCMC</title>
    <link>http://localhost:1313/categories/machine-learning/</link>
    <description>Recent content in Machine Learning on KUCMC</description>
    <generator>Hugo</generator>
    <language>en-us</language>
    <lastBuildDate>Thu, 06 Jun 2024 05:00:00 +0000</lastBuildDate>
    <atom:link href="http://localhost:1313/categories/machine-learning/index.xml" rel="self" type="application/rss+xml" />
    <item>
      <title>Talk Show on Machine Learning for Science and Engineering Applications</title>
      <link>http://localhost:1313/blog/post-5/</link>
      <pubDate>Thu, 06 Jun 2024 05:00:00 +0000</pubDate>
      <guid>http://localhost:1313/blog/post-5/</guid>
      <description>Event Announcement: Machine Learning for Science and Engineering Applications&#xA;Join us for an insightful talk featuring Dr.</description>
    </item>
  </channel>
</rss>
